i,grav,risco
1,40.0,3
2,41.530427,2
3,52.730745,2
4,34.679911,2
5,69.375882,4
