i,grav,risco
1,39.49833842003098,2
2,44.44804479028236,2
3,56.90107411940124,3
4,35.40634256331503,2
5,61.72034431701785,3
